{
 "dataset": "lilly_v4x_d2x_nv450_nch940",
 "floor_median": 0.006598303560167551,
 "floor_min": 0.006419560872018337,
 "floor_max": 0.006861334200948477,
 "n_seeds": 5,
 "iterations": 15
}