{
 "dataset": "lilly_v2x_d2x_nv900_nch940",
 "floor_median": 0.006359977647662163,
 "floor_min": 0.006147732026875019,
 "floor_max": 0.006406312808394432,
 "n_seeds": 5,
 "iterations": 15
}