{
 "dataset": "sic_v2x_d2x_nv801_nch1024",
 "floor_median": 0.004018896259367466,
 "floor_min": 0.0039579132571816444,
 "floor_max": 0.004055136349052191,
 "n_seeds": 5,
 "iterations": 15
}