{
 "dataset": "z62_v1x_d2x_nv801_nch1024",
 "floor_median": 0.01692877523601055,
 "floor_min": 0.016453897580504417,
 "floor_max": 0.01705336943268776,
 "n_seeds": 5,
 "iterations": 15
}